"vendor_name","avg_rating"
"ToyGalaxy","2.5000000000000000"
"BeautyBox","3.0000000000000000"
"StyleHub","3.0000000000000000"
